month,income,living,gap,buffer,fund,taxReserve,debt,cards,assigned,extra,interest,relief,shock
0,5647,5687,-40,0,0,0,43000,2400,,,,,
1,5647,5295,352,352,0,0,42477.68,2379.8,352,0,277.68,0,0
2,5647,5295,352,704,0,0,41952.03,2359.18,352,0,274.35,0,0
3,5501,5265.8,235.2,939.2,0,0,41423.03,2338.13,235.2,0,271,0,0
4,5501,5265.8,235.2,1000,34.88,0,40751.15,2177.13,235.2,139.52,267.64,0,0
5,5501,5265.8,235.2,1000,81.92,0,40024.32,1964.15,235.2,188.16,261.33,0,0
6,6101,5541.8,559.2,1000,193.76,0,39030.9,1487.55,559.2,447.36,253.94,0,0
7,6101,5406.8,694.2,1000,305.6,135,38024.6,1001.06,694.2,447.36,241.06,0,0
8,6101,5406.8,694.2,1000,417.44,270,37005.18,504.47,694.2,447.36,227.94,0,0
9,6101,7261.8,-1160.8,81.7,0,0,35974.86,0,-1160.8,444.94,214.62,0,1450
10,6101,5350.8,750.2,696.9,0,135,35445.97,0,750.2,0,201.11,0,0
11,6101,5350.8,750.2,1249.68,62.42,270,34914.01,0,750.2,0,198.04,0,0
12,6101,5551.8,549.2,1905.04,226.26,0,34378.97,0,549.2,0,194.96,0,0
13,6101,5146.8,954.2,2560.4,390.1,135,33840.83,0,954.2,0,191.86,0,0
14,6101,5146.8,954.2,3215.76,553.94,270,33299.57,0,954.2,0,188.74,0,0
15,6101,5551.8,549.2,3871.12,717.78,0,32755.18,0,549.2,0,185.61,0,0
16,6101,5146.8,954.2,4526.48,881.62,135,32207.63,0,954.2,0,182.45,0,0
17,6101,5146.8,954.2,5181.84,1045.46,270,31656.9,0,954.2,0,179.27,0,0
18,6101,5551.8,549.2,5837.2,1209.3,0,31102.98,0,549.2,0,176.08,0,0
19,6101,5146.8,954.2,6492.56,1373.14,135,30545.86,0,954.2,0,172.88,0,0
20,6101,5146.8,954.2,7147.92,1536.98,270,29985.5,0,954.2,0,169.64,0,0
21,6101,5551.8,549.2,7803.28,1700.82,0,29421.9,0,549.2,0,166.4,0,0
22,6101,5146.8,954.2,8458.64,1864.66,135,28855.03,0,954.2,0,163.13,0,0
23,6101,5146.8,954.2,9114,2028.5,270,28284.87,0,954.2,0,159.84,0,0
24,6101,5551.8,549.2,9769.36,2192.34,0,27711.4,0,549.2,0,156.53,0,0
